,url,title,img,time,keywords
0,https://news.163.com/19/1028/11/ESIPLIBD0001899N.html,美国海岸警卫队闯入黄海 中国万吨海警船近距监视,http://cms-bucket.ws.126.net/2019/10/28/cbc6136bfff242c68888ad83dca2b086.png?imageView&thumbnail=140y88&quality=85,24分钟前,"<div class=""keywords"">
<a href=""http://news.163.com/keywords/8/6/8b66536b961f/1.html"">警卫队</a>
<a href=""http://news.163.com/keywords/6/7/6d778b668239/1.html"">海警船</a>
<a href=""http://news.163.com/keywords/6/7/6d778b66/1.html"">海警</a>
</div>"
1,https://news.163.com/19/1028/11/ESIPJ3U80001899N.html,警察＂复活＂28载＂黑户＂ 家人已为其烧多年纸钱,http://cms-bucket.ws.126.net/2019/10/28/01e248b24ef448368de4d5c8551f4039.png?imageView&thumbnail=140y88&quality=85,26分钟前,"<div class=""keywords"">
<a href=""http://news.163.com/keywords/9/d/9ed16237/1.html"">黑户</a>
<a href=""http://news.163.com/keywords/6/3/62377c4d/1.html"">户籍</a>
<a href=""http://news.163.com/keywords/6/3/623753e38fc179fb/1.html"">户口迁移</a>
</div>"
2,https://news.163.com/19/1028/11/ESIPBI5J0001899N.html,港媒:香港发生5车连环相撞事故 3人受伤含1名儿童,http://cms-bucket.ws.126.net/2019/10/28/77c65bca61664cc6b5fc4acd54d74a3f.png?imageView&thumbnail=140y88&quality=85,30分钟前,"<div class=""keywords"">
<a href=""http://news.163.com/keywords/9/9/99996e2f/1.html"">香港</a>
<a href=""http://news.163.com/keywords/7/c/79c15bb68f66/1.html"">私家车</a>
<a href=""http://news.163.com/keywords/5/f/51fa79df8f66/1.html"">出租车</a>
</div>"
3,https://news.163.com/19/1028/10/ESIP8OBR0001899O.html,甘肃夏河县附近发生3.1级左右地震,http://cms-bucket.ws.126.net/2019/10/28/0b662f4f6b3646d8878bfcd9a114bfa6.png?imageView&thumbnail=140y88&quality=85,31分钟前,"<div class=""keywords"">
<a href=""http://news.163.com/keywords/5/0/590f6cb353bf/1.html"">夏河县</a>
<a href=""http://news.163.com/keywords/5/3/57309707/1.html"">地震</a>
<a href=""http://news.163.com/keywords/7/1/75188083/1.html"">甘肃</a>
</div>"
4,https://news.163.com/19/1028/10/ESIOSOTL0001899N.html,湖南逃美厅官彭旭峰妹夫获刑：收钱当掮客后分赃,http://cms-bucket.ws.126.net/2019/10/28/eafeabb49cac417a8b086902cd9783a5.png?imageView&thumbnail=140y88&quality=85,38分钟前,"<div class=""keywords"">
<a href=""http://news.163.com/keywords/5/6/5f6d65ed5cf0/1.html"">彭旭峰</a>
<a href=""http://news.163.com/keywords/4/a/4ea4901a96c656e2/1.html"">交通集团</a>
<a href=""http://news.163.com/keywords/5/d/53d78d3f/1.html"">受贿</a>
</div>"
5,https://news.163.com/19/1028/10/ESIOMPN50001899N.html,阿尔韦托·费尔南德斯当选阿根廷下一任总统 ,http://cms-bucket.ws.126.net/2019/10/28/b856e950720f4f24a5ae89071424163f.png?imageView&thumbnail=140y88&quality=85,41分钟前,"<div class=""keywords"">
<a href=""http://news.163.com/keywords/8/3/8d395c1453575fb765af/1.html"">费尔南德斯</a>
<a href=""http://news.163.com/keywords/9/3/963f5c1497e66258/1.html"">阿尔韦托</a>
</div>"
6,https://news.163.com/19/1028/10/ESIOIDP60001899O.html,书协副主席落马：4年前曾被公开举报卖字敛财,http://cms-bucket.ws.126.net/2019/10/28/32e5156007fa4cb09155c3cfa7561742.png?imageView&thumbnail=140y88&quality=85,44分钟前,"<div class=""keywords"">
<a href=""http://news.163.com/keywords/8/7/8d75957f9752/1.html"">赵长青</a>
<a href=""http://news.163.com/keywords/4/2/4e2d56fd4e66534f/1.html"">中国书协</a>
<a href=""http://news.163.com/keywords/4/6/4e66534f/1.html"">书协</a>
</div>"
7,https://tech.163.com/19/1028/07/ESIC5O3I00097U7R.html,TikTok回应美议员安全质疑:美国用户数据都存在美国,http://cms-bucket.ws.126.net/2019/10/28/7d1000917ec34412845cc02535241e59.png?imageView&thumbnail=140y88&quality=85,4小时前,"<div class=""keywords"">
<a href=""http://tech.163.com/keywords/7/8/7f8e56fd/1.html"">美国</a>
<a href=""http://tech.163.com/keywords/0/7/00740069006b0074006f006b/1.html"">tiktok</a>
<a href=""http://tech.163.com/keywords/7/2/752862376570/1.html"">用户数</a>
</div>"
8,https://news.163.com/19/1028/10/ESIO7QVI0001899N.html,甘肃今年11次三级以上地震 专家:比往年少 勿惊慌,http://cms-bucket.ws.126.net/2019/10/28/db02eb1792764818ae459316782360fb.png?imageView&thumbnail=140y88&quality=85,49分钟前,"<div class=""keywords"">
<a href=""http://news.163.com/keywords/5/3/57309707/1.html"">地震</a>
<a href=""http://news.163.com/keywords/9/0/9707611f/1.html"">震感</a>
<a href=""http://news.163.com/keywords/7/1/75188083/1.html"">甘肃</a>
</div>"
9,https://news.163.com/19/1028/10/ESIO38KC0001899N.html,大连杀女童凶手被收容三年 警方:已是最严厉措施,http://cms-bucket.ws.126.net/2019/10/28/e3cb8b1b75ec4e28a8e4ee5eb148cfe3.png?imageView&thumbnail=140y88&quality=85,52分钟前,"<div class=""keywords"">
<a href=""http://news.163.com/keywords/6/0/670d5211/1.html"">服刑</a>
<a href=""http://news.163.com/keywords/5/2/59278fde/1.html"">大连</a>
<a href=""http://news.163.com/keywords/6/d/6cd55f8b/1.html"">法律</a>
</div>"
10,https://news.163.com/19/1028/10/ESIOVT4P00018AP1.html,超八成日本民众对“女性天皇”的提议表示赞成,http://cms-bucket.ws.126.net/2019/10/28/7649a8c150ac40a7aa51bc38131432be.png?imageView&thumbnail=140y88&quality=85,1小时前,"<div class=""keywords"">
<a href=""http://news.163.com/keywords/6/e/65e5672c/1.html"">日本</a>
<a href=""http://news.163.com/keywords/7/8/76874f4d/1.html"">皇位</a>
<a href=""http://news.163.com/keywords/6/e/65e5672c59297687/1.html"">日本天皇</a>
</div>"
11,https://news.163.com/19/1028/10/ESIN3JFR0001899N.html,小伙获赠近300亿港元股票 或成最富95后,http://cms-bucket.ws.126.net/2019/10/28/0d1e122c2b164b2daa84a4a5cc577d5a.png?imageView&thumbnail=140y88&quality=85,1小时前,"<div class=""keywords"">
<a href=""http://news.163.com/keywords/8/2/8c2256fd6c11/1.html"">谢国民</a>
<a href=""http://news.163.com/keywords/4/2/4e2d56fd751f72695236836f/1.html"">中国生物制药</a>
</div>"
12,https://news.163.com/19/1028/10/ESIMUT020001899N.html,越南老人哭诉儿子为何偷渡:负债累累 只得出国打工,http://cms-bucket.ws.126.net/2019/10/28/dacb10c4776746c1a937669a71643ee8.png?imageView&thumbnail=140y88&quality=85,1小时前,"<div class=""keywords"">
<a href=""http://news.163.com/keywords/5/7/50776e21/1.html"">偷渡</a>
<a href=""http://news.163.com/keywords/5/f/51fa56fd/1.html"">出国</a>
<a href=""http://news.163.com/keywords/8/8/8d8a5357/1.html"">越南</a>
</div>"
13,https://news.163.com/19/1028/10/ESIMPVQJ0001899N.html,越南父亲哽咽复述女儿遗言 为偷渡举债27万,http://cms-bucket.ws.126.net/2019/10/28/518f1cdcc29d4078912376f5152a1022.png?imageView&thumbnail=140y88&quality=85,1小时前,"<div class=""keywords"">
<a href=""http://news.163.com/keywords/5/7/50776e21/1.html"">偷渡</a>
<a href=""http://news.163.com/keywords/8/8/8d8a5357/1.html"">越南</a>
<a href=""http://news.163.com/keywords/5/3/59318054/1.html"">失联</a>
</div>"
14,https://news.163.com/19/1028/10/ESIMCGRA0001899N.html,越南警方打掉偷渡团伙 涉嫌引诱400人海外务工,http://cms-bucket.ws.126.net/2019/10/28/f023da042caa46399d4cf51dd8f3ce03.png?imageView&thumbnail=140y88&quality=85,1小时前,"<div class=""keywords"">
<a href=""http://news.163.com/keywords/5/7/50776e21/1.html"">偷渡</a>
<a href=""http://news.163.com/keywords/8/8/8d8a5357/1.html"">越南</a>
<a href=""http://news.163.com/keywords/8/f/82f156fd/1.html"">英国</a>
</div>"
15,https://news.163.com/19/1028/10/ESIM2R8L0001899N.html,允许华为有限参与？英媒：英国5G仍计划用华为,http://cms-bucket.ws.126.net/2019/10/28/d0c486d544894b3e8759dfd3950e3dd7.png?imageView&thumbnail=140y88&quality=85,1小时前,"<div class=""keywords"">
<a href=""http://news.163.com/keywords/8/f/82f156fd/1.html"">英国</a>
<a href=""http://news.163.com/keywords/5/4/534e4e3a/1.html"">华为</a>
<a href=""http://news.163.com/keywords/7/8/7f8e56fd/1.html"">美国</a>
</div>"
16,http://ent.163.com/photoview/00AJ0003/670908.html,张庭陶虹林志玲合体捞金 同台卖萌,http://cms-bucket.ws.126.net/2019/10/28/3cb87efd76444031b6c04263d0b28b9d.jpeg?imageView&thumbnail=140y88&quality=85,4小时前,"<div class=""keywords"">
<a href=""http://ent.163.com/special/photo-search/#q=陶虹"">陶虹</a>
</div>"
17,https://news.163.com/19/1028/10/ESILRCRN0001899N.html,陕西延长1车载试验装置发生爆炸 致5人死亡3人失联,http://cms-bucket.ws.126.net/2019/10/28/90e4b2ebc4a9479b8f308feeacfd734b.png?imageView&thumbnail=140y88&quality=85,1小时前,"<div class=""keywords"">
<a href=""http://news.163.com/keywords/7/0/720670b8/1.html"">爆炸</a>
<a href=""http://news.163.com/keywords/5/3/59318054/1.html"">失联</a>
<a href=""http://news.163.com/keywords/4/9/4e95573a/1.html"">井场</a>
</div>"
18,https://news.163.com/19/1028/09/ESILG5P80001899N.html,阿根廷反对派总统候选人费尔南德斯当选下任总统,http://cms-bucket.ws.126.net/2019/10/28/505c13417a0643c89761f30145553a29.png?imageView&thumbnail=140y88&quality=85,1小时前,"<div class=""keywords"">
<a href=""http://news.163.com/keywords/8/3/8d395c1453575fb765af/1.html"">费尔南德斯</a>
<a href=""http://news.163.com/keywords/5/2/59279009/1.html"">大选</a>
<a href=""http://news.163.com/keywords/6/3/603b7edf/1.html"">总统</a>
</div>"
19,https://news.163.com/19/1028/09/ESIL3OOG00018AP1.html,失联越南人超35人 有匿名电话向家属＂求宽恕＂,http://cms-bucket.ws.126.net/2019/10/28/09c378c5187e49478db429b0a951d12c.png?imageView&thumbnail=140y88&quality=85,1小时前,"<div class=""keywords"">
<a href=""http://news.163.com/keywords/5/3/59318054/1.html"">失联</a>
<a href=""http://news.163.com/keywords/6/b/6cb397597701/1.html"">河静省</a>
<a href=""http://news.163.com/keywords/8/8/8d8a53574eba/1.html"">越南人</a>
</div>"
20,https://news.163.com/19/1028/09/ESIKOSMG0001899N.html,山西襄垣县透水事故致4人被困 排水救援正在进行,http://cms-bucket.ws.126.net/2019/10/28/084c82ee87314b18a22d533d462d1812.png?imageView&thumbnail=140y88&quality=85,1小时前,"<div class=""keywords"">
<a href=""http://news.163.com/keywords/8/4/894457a353bf/1.html"">襄垣县</a>
<a href=""http://news.163.com/keywords/9/0/900f6c344e8b6545/1.html"">透水事故</a>
<a href=""http://news.163.com/keywords/5/7/5c71897f/1.html"">山西</a>
</div>"
21,https://news.163.com/19/1028/09/ESIKIUGA0001899N.html,巴格达迪被除掉 媒体:世界上最危险的人终于死了,http://cms-bucket.ws.126.net/2019/10/28/b7c8fdbd1dab47a9a02cfaa5e7856e34.png?imageView&thumbnail=140y88&quality=85,1小时前,"<div class=""keywords"">
<a href=""http://news.163.com/keywords/5/f/5df4683c8fbe8fea/1.html"">巴格达迪</a>
<a href=""http://news.163.com/keywords/0/6/0069007300690073/1.html"">isis</a>
</div>"
22,https://news.163.com/19/1028/09/ESILQGAP00018AOR.html,巴格达迪如何被锁定?美媒:最初情报来自其妻和信使,http://cms-bucket.ws.126.net/2019/10/28/30eb41a72ef041e294a607cf12ce0f2e.png?imageView&thumbnail=140y88&quality=85,2小时前,"<div class=""keywords"">
<a href=""http://news.163.com/keywords/5/f/5df4683c8fbe8fea/1.html"">巴格达迪</a>
<a href=""http://news.163.com/keywords/0/6/0069007300690073/1.html"">isis</a>
<a href=""http://news.163.com/keywords/7/8/7f8e519b/1.html"">美军</a>
</div>"
23,https://news.163.com/19/1028/09/ESIJPD7G0001899N.html,甘肃夏河5.7级地震震中在山区 政府:当地秩序良好,http://cms-bucket.ws.126.net/2019/10/28/8fc927d481b64665abd0ea83803df65f.png?imageView&thumbnail=140y88&quality=85,2小时前,"<div class=""keywords"">
<a href=""http://news.163.com/keywords/5/0/590f6cb3/1.html"">夏河</a>
<a href=""http://news.163.com/keywords/5/3/57309707/1.html"">地震</a>
<a href=""http://news.163.com/keywords/5/7/5c71533a/1.html"">山区</a>
</div>"
24,https://news.163.com/19/1028/09/ESIJ6L8B00018AP1.html,Faker成首个拿下LOL世界赛及季中赛100胜的选手,http://cms-bucket.ws.126.net/2019/10/28/9a66d8c336034fa18aea7c9a718471ab.png?imageView&thumbnail=140y88&quality=85,2小时前,"<div class=""keywords"">
<a href=""http://news.163.com/keywords/0/6/00660061006b00650072/1.html"">faker</a>
<a href=""http://news.163.com/keywords/0/6/006c006f006c/1.html"">lol</a>
<a href=""http://news.163.com/keywords/0/7/0073006b0074/1.html"">skt</a>
</div>"
25,https://auto.163.com/19/1028/07/ESIEFBMB0008991U.html,实际续航和官标有出入 真正原因和它们有关,http://cms-bucket.ws.126.net/2019/10/28/9ef663d2233443edaab6fd26d147b06d.jpeg?imageView&thumbnail=140y88&quality=85,3小时前,"<div class=""keywords"">
<a href=""http://auto.163.com/keywords/7/e/7eed822a/1.html"">续航</a>
<a href=""http://auto.163.com/keywords/9/c/91cc7a0b/1.html"">里程</a>
<a href=""http://auto.163.com/keywords/7/3/75356c60/1.html"">电池</a>
</div>"
26,https://news.163.com/19/1028/09/ESIJ0T2F0001899O.html,库尔德武装从叙利亚北部撤离 叙政府：欢迎,http://cms-bucket.ws.126.net/2019/10/28/f2a46f9dadf841e69776dd178f790a29.png?imageView&thumbnail=140y88&quality=85,2小时前,"<div class=""keywords"">
<a href=""http://news.163.com/keywords/5/9/5e935c145fb7/1.html"">库尔德</a>
<a href=""http://news.163.com/keywords/5/d/53d952294e9a/1.html"">叙利亚</a>
<a href=""http://news.163.com/keywords/6/3/653f5e9c519b/1.html"">政府军</a>
</div>"
27,https://news.163.com/19/1028/09/ESIIFJE90001899N.html,印巴关系持续紧张 巴方再拒印总理专机飞越领空,http://cms-bucket.ws.126.net/2019/10/28/e50e0e6f2ece472e84aa2f8fc1ff4a4f.png?imageView&thumbnail=140y88&quality=85,2小时前,"<div class=""keywords"">
<a href=""http://news.163.com/keywords/5/f/5df457fa65af5766/1.html"">巴基斯坦</a>
<a href=""http://news.163.com/keywords/8/a/83ab8fea/1.html"">莫迪</a>
<a href=""http://news.163.com/keywords/5/4/514b4ec07c735c14/1.html"">克什米尔</a>
</div>"
28,https://news.163.com/19/1028/09/ESIJ19Q5000187VE.html,入住一年后房子＂变大＂被通知要补交40万 业主傻眼,http://cms-bucket.ws.126.net/2019/10/28/d0747b053de34cd482f71285885aae88.png?imageView&thumbnail=140y88&quality=85,2小时前,"<div class=""keywords"">
<a href=""http://news.163.com/keywords/6/3/623f6b3e/1.html"">房款</a>
<a href=""http://news.163.com/keywords/5/0/5f0053d15546/1.html"">开发商</a>
<a href=""http://news.163.com/keywords/5/4/554654c1623f/1.html"">商品房</a>
</div>"
29,https://news.163.com/19/1028/08/ESII4JV50001899O.html,甘肃省地震局：震区近期发生更大地震可能性不大 ,http://cms-bucket.ws.126.net/2019/10/28/bc580996b7dc47f3beae0eeeaceed74d.png?imageView&thumbnail=140y88&quality=85,2小时前,"<div class=""keywords"">
<a href=""http://news.163.com/keywords/5/3/57309707/1.html"">地震</a>
<a href=""http://news.163.com/keywords/5/2/592757309707/1.html"">大地震</a>
<a href=""http://news.163.com/keywords/9/0/97076e90/1.html"">震源</a>
</div>"
30,http://bj.house.163.com/19/1028/10/ESIMFQU3000782A4.html,“中国经济展现出极强韧性” ——国际社会看好中国经济发展前景,http://cms-bucket.ws.126.net/2019/10/28/57b4e0442b23463793a36895a2b3c3bc.png?imageView&thumbnail=140y88&quality=85,1小时前,"<div class=""keywords"">
<a href=""http://bj.house.163.com/keywords/4/2/4e2d56fd/1.html"">中国</a>
<a href=""http://bj.house.163.com/keywords/6/3/653f5e9c/1.html"">政府</a>
<a href=""http://bj.house.163.com/keywords/5/f/56fd96458d386613/1.html"">国际贸易</a>
</div>"
31,https://news.163.com/19/1028/08/ESIHSEME0001899O.html,67岁孕妇已有奶水 老两口坚称＂小天赐＂系自然受孕,http://cms-bucket.ws.126.net/2019/10/28/15fc4193ffb9424f87ba1f0313cab3fe.png?imageView&thumbnail=140y88&quality=85,2小时前,"<div class=""keywords"">
<a href=""http://news.163.com/keywords/5/0/5c0f59298d50/1.html"">小天赐</a>
<a href=""http://news.163.com/keywords/9/c/9ec44f1f/1.html"">黄伟</a>
<a href=""http://news.163.com/keywords/6/0/60005b55/1.html"">怀孕</a>
</div>"
32,https://news.163.com/19/1028/08/ESIHAV4L0001899N.html,甘肃夏河发生5.7级地震 官方：震中无人员伤亡,http://cms-bucket.ws.126.net/2019/10/28/11fba9f531c64e33bf11c6acc3f54343.png?imageView&thumbnail=140y88&quality=85,2小时前,"<div class=""keywords"">
<a href=""http://news.163.com/keywords/5/3/57309707/1.html"">地震</a>
<a href=""http://news.163.com/keywords/5/0/590f6cb353bf/1.html"">夏河县</a>
<a href=""http://news.163.com/keywords/5/0/54084f5c5e02/1.html"">合作市</a>
</div>"
33,https://news.163.com/19/1028/09/ESIIUPP000018AOR.html,日本新一轮台风已致10死 88岁老人求救＂水淹脖子＂,http://cms-bucket.ws.126.net/2019/10/28/ae4a49a2323a456fb4f75e619f5435b7.png?imageView&thumbnail=140y88&quality=85,2小时前,"<div class=""keywords"">
<a href=""http://news.163.com/keywords/6/e/65e5672c/1.html"">日本</a>
<a href=""http://news.163.com/keywords/5/f/53f098ce/1.html"">台风</a>
<a href=""http://news.163.com/keywords/6/b/66b496e8/1.html"">暴雨</a>
</div>"
34,https://news.163.com/19/1028/08/ESIGSOTQ0001899N.html,拒向黑暴低头 香港市民唱勇敢的中国人力挺建制派,http://cms-bucket.ws.126.net/2019/10/28/212d36d534fe40b6983f64cf012f96ed.png?imageView&thumbnail=140y88&quality=85,2小时前,"<div class=""keywords"">
<a href=""http://news.163.com/keywords/5/c/52c7656276844e2d56fd4eba/1.html"">勇敢的中国人</a>
<a href=""http://news.163.com/keywords/5/3/533a8bae4f1a/1.html"">区议会</a>
<a href=""http://news.163.com/keywords/9/9/99996e2f/1.html"">香港</a>
</div>"
35,https://edu.163.com/19/1028/09/ESIL7EIT00297VGM.html,委员：大学基本不敢淘汰不好好学习的学生,http://cms-bucket.ws.126.net/2019/10/28/b24932d3efcc45a49314dd0437e5a823.png?imageView&thumbnail=140y88&quality=85,1小时前,"<div class=""keywords"">
<a href=""http://edu.163.com/keywords/5/2/59275b66/1.html"">大学</a>
<a href=""http://edu.163.com/keywords/6/d/6dd86c70/1.html"">淘汰</a>
</div>"
36,https://news.163.com/19/1028/08/ESIGGOEC0001899N.html,人民日报：中共十九届四中全会值得期待,http://cms-bucket.ws.126.net/2019/10/28/a2677dc366b84ab9a647e9c0be1c84c5.png?imageView&thumbnail=140y88&quality=85,3小时前,"<div class=""keywords"">
<a href=""http://news.163.com/keywords/4/2/4e2d51714e2d592e/1.html"">中共中央</a>
</div>"
37,https://news.163.com/19/1028/08/ESIGCAVB0001899N.html,十九届四中全会的三大看点：不寻常的议题,http://cms-bucket.ws.126.net/2019/10/28/8f0bf8ac52c846289af36775f02e4f15.png?imageView&thumbnail=140y88&quality=85,3小时前,"<div class=""keywords"">
<a href=""http://news.163.com/keywords/4/2/4e2d592e653f6cbb5c40/1.html"">中央政治局</a>
<a href=""http://news.163.com/keywords/4/2/4e2d592e59d454584f1a/1.html"">中央委员会</a>
</div>"
38,https://news.163.com/19/1028/08/ESIFTSKC0001899N.html,四中全会连开4天 回顾历届四中全会看点,http://cms-bucket.ws.126.net/2019/10/28/0428fff56e1b45688e172e81c6623cf6.png?imageView&thumbnail=140y88&quality=85,3小时前,"<div class=""keywords"">
<a href=""http://news.163.com/keywords/4/2/4e2d592e59d454584f1a/1.html"">中央委员会</a>
<a href=""http://news.163.com/keywords/4/2/4e2d51714e2d592e/1.html"">中共中央</a>
</div>"
39,https://news.163.com/19/1028/08/ESIFPUSG0001899N.html,四中全会召开在即 一图带你了解中央全会,http://cms-bucket.ws.126.net/2019/10/28/55e77d602b0e4bd6890d3a1d1d3ae4b0.png?imageView&thumbnail=140y88&quality=85,3小时前,"<div class=""keywords"">
<a href=""http://news.163.com/keywords/4/2/4e2d592e/1.html"">中央</a>
<a href=""http://news.163.com/keywords/5/d/56db4e2d51684f1a/1.html"">四中全会</a>
<a href=""http://news.163.com/keywords/8/a/8bae7a0b/1.html"">议程</a>
</div>"
40,https://news.163.com/19/1028/08/ESIFI3F40001899N.html,十九届四中全会召开在即 九图带你提前了解,http://cms-bucket.ws.126.net/2019/10/28/f5744f6e90ff4f9b9fc3e791fa13157b.png?imageView&thumbnail=140y88&quality=85,3小时前,"<div class=""keywords"">
<a href=""http://news.163.com/keywords/5/d/56db4e2d51684f1a/1.html"">四中全会</a>
<a href=""http://news.163.com/keywords/5/1/53174eac/1.html"">北京</a>
</div>"
41,https://news.163.com/19/1028/08/ESIH8T4I00018AP2.html,男童学武不认真被教练飞棍扔头 涉事机构拒道歉,http://cms-bucket.ws.126.net/2019/10/28/5c275a36a19540549fabb5feffdbf6db.png?imageView&thumbnail=140y88&quality=85,3小时前,"<div class=""keywords"">
<a href=""http://news.163.com/keywords/6/6/6b66672f/1.html"">武术</a>
<a href=""http://news.163.com/keywords/6/6/6b66672f73ed/1.html"">武术班</a>
</div>"
42,https://news.163.com/19/1028/08/ESIF73N30001899N.html,沈阳26名科级干部按副处级无限期挂职 官方通报,http://cms-bucket.ws.126.net/2019/10/28/0f81901d4c554cf1b7ccc727b93333e8.png?imageView&thumbnail=140y88&quality=85,3小时前,"<div class=""keywords"">
<a href=""http://news.163.com/keywords/5/3/533a59d4/1.html"">区委</a>
<a href=""http://news.163.com/keywords/6/5/6d515357/1.html"">浑南</a>
<a href=""http://news.163.com/keywords/6/5/6d515357533a/1.html"">浑南区</a>
</div>"
43,https://news.163.com/19/1028/08/ESIF39670001899O.html,四川古蔺县一煤矿顶板垮塌 致6人遇难1人受伤,http://cms-bucket.ws.126.net/2019/10/28/ecc3b4e46ba14dc085802093a05ccbcc.png?imageView&thumbnail=140y88&quality=85,3小时前,"<div class=""keywords"">
<a href=""http://news.163.com/keywords/9/4/904796be/1.html"">遇难</a>
<a href=""http://news.163.com/keywords/5/d/56db5ddd53e4853a53bf/1.html"">四川古蔺县</a>
<a href=""http://news.163.com/keywords/9/7/9876677f/1.html"">顶板</a>
</div>"
44,https://news.163.com/19/1028/08/ESIF2LU20001899N.html,中国航协理事长:中国民航国际航线去年亏219亿元,http://cms-bucket.ws.126.net/2019/10/28/18b76683398a4c0cbb5b3a9700f90a1a.png?imageView&thumbnail=140y88&quality=85,3小时前,"<div class=""keywords"">
<a href=""http://news.163.com/keywords/4/2/4e2d56fd6c11822a/1.html"">中国民航</a>
<a href=""http://news.163.com/keywords/8/2/822a7a7a516c53f8/1.html"">航空公司</a>
</div>"
45,https://news.163.com/19/1028/08/ESIG2SLP00018AP2.html,女子商店盗窃被抓现行 辩称：我给孙女＂演小偷＂,http://cms-bucket.ws.126.net/2019/10/28/8552d6563b5f475994afb63c741a1c90.png?imageView&thumbnail=140y88&quality=85,3小时前,"<div class=""keywords"">
<a href=""http://news.163.com/keywords/8/4/884c7a83/1.html"">行窃</a>
<a href=""http://news.163.com/keywords/7/d/76d77a83/1.html"">盗窃</a>
</div>"
46,https://news.163.com/19/1028/07/ESIE6IC700018AP2.html,2000万是借款还是诈骗?检方澄清事实后决定不起诉,http://cms-bucket.ws.126.net/2019/10/28/381d4740e376428bad784f4d75975b7f.png?imageView&thumbnail=140y88&quality=85,3小时前,"<div class=""keywords"">
<a href=""http://news.163.com/keywords/8/c/8bc89a977f6a/1.html"">诈骗罪</a>
<a href=""http://news.163.com/keywords/6/c/68c05bdf5b98/1.html"">检察官</a>
</div>"
47,https://news.163.com/19/1028/06/ESI9AP2400018AOR.html,特朗普披露击毙巴格达迪细节：他死得像一个懦夫,http://cms-bucket.ws.126.net/2019/10/28/737c12ba385842df948561f71f401951.png?imageView&thumbnail=140y88&quality=85,5小时前,"<div class=""keywords"">
<a href=""http://news.163.com/keywords/5/f/5df4683c8fbe8fea/1.html"">巴格达迪</a>
<a href=""http://news.163.com/keywords/5/1/55107eb35fb700b772796717666e/1.html"">唐纳德·特朗普</a>
</div>"
48,https://jiankang.163.com/19/1028/08/ESIH6FTA00388AD5.html,研究显示 潮湿天更容易加剧慢性疼痛,http://cms-bucket.ws.126.net/2019/10/28/d059b27c4ba94e6db97ad405f68d5914.png?imageView&thumbnail=140y88&quality=85,2小时前,"<div class=""keywords"">
<a href=""http://jiankang.163.com/keywords/5/7/51738282708e/1.html"">关节炎</a>
<a href=""http://jiankang.163.com/keywords/6/1/6c14538b/1.html"">气压</a>
<a href=""http://jiankang.163.com/keywords/7/b/75bc75db/1.html"">疼痛</a>
</div>"
49,https://news.163.com/19/1028/05/ESI6NFT70001899N.html,甘肃夏河发生5.7级地震 应急管理部调度,http://cms-bucket.ws.126.net/2019/10/28/69d084d78566473a99b2fa9057e3e82c.png?imageView&thumbnail=140y88&quality=85,5小时前,"<div class=""keywords"">
<a href=""http://news.163.com/keywords/5/3/57309707/1.html"">地震</a>
<a href=""http://news.163.com/keywords/7/1/75188083/1.html"">甘肃</a>
<a href=""http://news.163.com/keywords/7/1/751853575dde/1.html"">甘南州</a>
</div>"
50,https://news.163.com/19/1028/04/ESI47IGT0001899O.html,对监控比“剪刀手” 嚣张盗贼难逃法网被抓获,http://cms-bucket.ws.126.net/2019/10/28/758126244cb24e81922bf6c3c3be9d83.png?imageView&thumbnail=140y88&quality=85,6小时前,"<div class=""keywords"">
<a href=""http://news.163.com/keywords/7/d/76d77a83/1.html"">盗窃</a>
<a href=""http://news.163.com/keywords/5/6/526a5200/1.html"">剪刀</a>
<a href=""http://news.163.com/keywords/6/4/644450cf5934/1.html"">摄像头</a>
</div>"
51,https://news.163.com/19/1028/04/ESI2Q6V00001899N.html,新京报：减少重复安检 疏通民众出行“梗阻”,http://cms-bucket.ws.126.net/2019/10/28/9437cf5031d84803a8c2333531f1e1bb.png?imageView&thumbnail=140y88&quality=85,7小时前,"<div class=""keywords"">
<a href=""http://news.163.com/keywords/5/f/51fa884c/1.html"">出行</a>
<a href=""http://news.163.com/keywords/4/a/4ea4901a8fd08f9390e8/1.html"">交通运输部</a>
<a href=""http://news.163.com/keywords/5/8/5b8968c0/1.html"">安检</a>
</div>"
52,https://news.163.com/19/1028/04/ESI1QP070001899N.html,专家3小时画出11年前作案嫌犯面貌 警方凭此缉凶,http://cms-bucket.ws.126.net/2019/10/28/04104c294c82449893c7424fa2685532.png?imageView&thumbnail=140y88&quality=85,7小时前,"<div class=""keywords"">
<a href=""http://news.163.com/keywords/7/a/72af7f6a/1.html"">犯罪</a>
<a href=""http://news.163.com/keywords/6/4/67404eba6848/1.html"">杀人案</a>
<a href=""http://news.163.com/keywords/4/a/4fa67834/1.html"">侦破</a>
</div>"
53,https://news.163.com/19/1028/04/ESI1I6B90001899N.html,特朗普＂官宣＂巴格达迪已死 俄:未观测到美空袭行动,http://cms-bucket.ws.126.net/2019/10/28/8c1c881f5314404fbb4e3f206384c835.png?imageView&thumbnail=140y88&quality=85,7小时前,"<div class=""keywords"">
<a href=""http://news.163.com/keywords/5/f/5df4683c8fbe8fea/1.html"">巴格达迪</a>
<a href=""http://news.163.com/keywords/5/1/55107eb35fb700b772796717666e/1.html"">唐纳德·特朗普</a>
</div>"
54,https://news.163.com/19/1028/03/ESI11MTN00018AOQ.html,伊拉克情报局追踪1年为美军袭击巴格达迪提供信息 ,http://cms-bucket.ws.126.net/2019/10/28/7781bd1a9d6f4771bd1bf4d66f3eca44.png?imageView&thumbnail=140y88&quality=85,7小时前,"<div class=""keywords"">
<a href=""http://news.163.com/keywords/5/f/5df4683c8fbe8fea/1.html"">巴格达迪</a>
<a href=""http://news.163.com/keywords/4/0/4f0a62c9514b/1.html"">伊拉克</a>
<a href=""http://news.163.com/keywords/0/6/0069007300690073/1.html"">isis</a>
</div>"
55,https://news.163.com/19/1028/03/ESHUR0HF0001899O.html,甘肃夏河地震致部分房屋开裂 震中附近震感强烈,http://cms-bucket.ws.126.net/2019/10/28/757778bf46d04cf2ad0dc64e37ec1da0.png?imageView&thumbnail=140y88&quality=85,8小时前,"<div class=""keywords"">
<a href=""http://news.163.com/keywords/9/0/9707611f/1.html"">震感</a>
<a href=""http://news.163.com/keywords/5/3/57309707/1.html"">地震</a>
<a href=""http://news.163.com/keywords/5/0/590f6cb353bf/1.html"">夏河县</a>
</div>"
56,https://news.163.com/19/1028/02/ESHTB0LI0001899N.html,巴格达迪真死了?俄媒：有关他被打死的消息已有6次,http://cms-bucket.ws.126.net/2019/10/28/294638352f8b4d05a3ba27883c530963.png?imageView&thumbnail=140y88&quality=85,8小时前,"<div class=""keywords"">
<a href=""http://news.163.com/keywords/5/f/5df4683c8fbe8fea/1.html"">巴格达迪</a>
<a href=""http://news.163.com/keywords/5/1/55107eb35fb700b772796717666e/1.html"">唐纳德·特朗普</a>
</div>"
57,https://news.163.com/19/1028/02/ESHT5FMB0001899N.html,美为保油田计划增兵叙利亚？俄痛斥：国际土匪行径,http://cms-bucket.ws.126.net/2019/10/28/0b7f4de822de48f5a27d4825ac94e4c7.png?imageView&thumbnail=140y88&quality=85,8小时前,"<div class=""keywords"">
<a href=""http://news.163.com/keywords/5/d/53d952294e9a/1.html"">叙利亚</a>
<a href=""http://news.163.com/keywords/5/1/55107eb35fb700b772796717666e/1.html"">唐纳德·特朗普</a>
</div>"
58,https://news.163.com/19/1028/02/ESHT03BQ0001899N.html,得州校园聚会场所突发枪击案 至少2人死亡14人受伤,http://cms-bucket.ws.126.net/2019/10/28/5add5d7b1c7c401797910ed7295833cc.png?imageView&thumbnail=140y88&quality=85,8小时前,"<div class=""keywords"">
<a href=""http://news.163.com/keywords/6/a/67aa51fb6848/1.html"">枪击案</a>
<a href=""http://news.163.com/keywords/5/9/5f975dde/1.html"">得州</a>
<a href=""http://news.163.com/keywords/6/a/67aa51fb/1.html"">枪击</a>
</div>"
59,https://news.163.com/19/1028/02/ESHS6EJF0001899O.html,17家＂两客一危一货＂交通违法企业被高速交警约谈,http://cms-bucket.ws.126.net/2019/10/28/88a497189f484100b122aacff9f5e5fc.png?imageView&thumbnail=140y88&quality=85,9小时前,"<div class=""keywords"">
<a href=""http://news.163.com/keywords/5/7/53714e008d27/1.html"">危一货</a>
<a href=""http://news.163.com/keywords/8/d/8fdd6cd5/1.html"">违法</a>
<a href=""http://news.163.com/keywords/4/a/4ea48b66603b961f/1.html"">交警总队</a>
</div>"
60,https://news.163.com/19/1028/02/ESHRO2LN0001899N.html,贼王盗窃100多万 躲进深山老庙8年不敢露面,http://cms-bucket.ws.126.net/2019/10/28/3b4b1c5473eb484c8a0ba9cc51b7e64c.png?imageView&thumbnail=140y88&quality=85,9小时前,"<div class=""keywords"">
<a href=""http://news.163.com/keywords/7/d/76d77a83/1.html"">盗窃</a>
<a href=""http://news.163.com/keywords/6/d/6cd59662/1.html"">法院</a>
<a href=""http://news.163.com/keywords/6/c/68c05bdf9662/1.html"">检察院</a>
</div>"
61,https://news.163.com/19/1028/02/ESHR2FEO0001899O.html,甘肃甘南州夏河县发生5.7级地震 震源深度10千米,http://cms-bucket.ws.126.net/2019/10/28/f9a9d800cf344af683f89e2d86ca6f95.png?imageView&thumbnail=140y88&quality=85,9小时前,"<div class=""keywords"">
<a href=""http://news.163.com/keywords/5/0/590f6cb353bf/1.html"">夏河县</a>
<a href=""http://news.163.com/keywords/7/1/751853575dde/1.html"">甘南州</a>
<a href=""http://news.163.com/keywords/9/0/97076e90/1.html"">震源</a>
</div>"
62,https://news.163.com/19/1028/02/ESHQF07T0001899O.html,甘肃甘南州夏河县附近 发生4.8级左右地震,http://cms-bucket.ws.126.net/2019/10/28/c99c250419bc456aa7b26737d32642e7.png?imageView&thumbnail=140y88&quality=85,9小时前,"<div class=""keywords"">
<a href=""http://news.163.com/keywords/5/0/590f6cb353bf/1.html"">夏河县</a>
<a href=""http://news.163.com/keywords/7/1/751853575dde/1.html"">甘南州</a>
<a href=""http://news.163.com/keywords/5/3/57309707/1.html"">地震</a>
</div>"
63,https://news.163.com/19/1028/01/ESHPLS6E0001899N.html,新华社：巴格达迪虽死 恐怖威胁未除,http://cms-bucket.ws.126.net/2019/10/28/a9ccb2f4ef8a41d7aa6fe1ec8c47fc5c.png?imageView&thumbnail=140y88&quality=85,9小时前,"<div class=""keywords"">
<a href=""http://news.163.com/keywords/5/f/5df4683c8fbe8fea/1.html"">巴格达迪</a>
<a href=""http://news.163.com/keywords/0/6/0069007300690073/1.html"">isis</a>
</div>"
64,https://news.163.com/19/1028/01/ESHOQD9K0001899O.html,贵州六盘水市盘州市发生3.4级地震 震源深度7千米,http://cms-bucket.ws.126.net/2019/10/28/752442728c8d4995a2ff19defc4c4180.png?imageView&thumbnail=140y88&quality=85,9小时前,"<div class=""keywords"">
<a href=""http://news.163.com/keywords/5/3/57309707/1.html"">地震</a>
<a href=""http://news.163.com/keywords/5/6/516d76d86c345e02/1.html"">六盘水市</a>
<a href=""http://news.163.com/keywords/5/d/5dde5e02/1.html"">州市</a>
</div>"
65,https://news.163.com/19/1028/01/ESHO0PDN0001899O.html,土耳其国防部：抓捕巴格达迪前 土美曾交换情报,http://cms-bucket.ws.126.net/2019/10/28/c5be71909c8846698e291396cc81372e.png?imageView&thumbnail=140y88&quality=85,10小时前,"<div class=""keywords"">
<a href=""http://news.163.com/keywords/5/f/5df4683c8fbe8fea/1.html"">巴格达迪</a>
<a href=""http://news.163.com/keywords/5/1/571f80335176/1.html"">土耳其</a>
<a href=""http://news.163.com/keywords/5/f/56fd963290e8/1.html"">国防部</a>
</div>"
66,https://news.163.com/19/1028/01/ESHNGUJE0001899O.html,媒体：美方近期就中美经贸磋商频频表态 耐人寻味,http://cms-bucket.ws.126.net/2019/10/28/5ac6b721819b4190a03e720f7a6ce7fb.png?imageView&thumbnail=140y88&quality=85,10小时前,"<div class=""keywords"">
<a href=""http://news.163.com/keywords/7/7/72796717666e/1.html"">特朗普</a>
<a href=""http://news.163.com/keywords/7/8/7f8e56fd/1.html"">美国</a>
<a href=""http://news.163.com/keywords/7/8/7f8e56fd653f5e9c/1.html"">美国政府</a>
</div>"
67,https://news.163.com/19/1028/01/ESHMUMEF0001899O.html,“影视投资”有暴利？ 小心这些以投资为名的骗局,http://cms-bucket.ws.126.net/2019/10/28/4963fae259764881bbe55e3b17b224fc.png?imageView&thumbnail=140y88&quality=85,10小时前,"<div class=""keywords"">
<a href=""http://news.163.com/keywords/5/5/5b586b3e/1.html"">存款</a>
<a href=""http://news.163.com/keywords/6/3/65366b3e4eba/1.html"">收款人</a>
</div>"
68,https://news.163.com/19/1028/00/ESHML3000001899N.html,美官员谈韩日军情协定：不斡旋 但将吁韩重新考虑,http://cms-bucket.ws.126.net/2019/10/28/f597d3786de0476e809970e2ffa3a44f.png?imageView&thumbnail=140y88&quality=85,10小时前,"<div class=""keywords"">
<a href=""http://news.163.com/keywords/5/9/519b4e8b60c562a54fdd62a4534f5b9a/1.html"">军事情报保护协定</a>
<a href=""http://news.163.com/keywords/9/e/97e956fd/1.html"">韩国</a>
</div>"
69,https://news.163.com/19/1028/00/ESHMEVU70001899N.html,土耳其称遭袭击致至少1名士兵死亡 库尔德武装否认,http://cms-bucket.ws.126.net/2019/10/28/ec71febb5c90458aaaddc93afccaf315.png?imageView&thumbnail=140y88&quality=85,10小时前,"<div class=""keywords"">
<a href=""http://news.163.com/keywords/5/9/5e935c145fb7/1.html"">库尔德</a>
<a href=""http://news.163.com/keywords/5/1/571f80335176/1.html"">土耳其</a>
<a href=""http://news.163.com/keywords/5/5/505c706b/1.html"">停火</a>
</div>"
